{"cameraMode":{"drawMode":0,"name":"Shaded","section":"Shading Mode"},"sceneLighting":true,"audioPlay":false,"sceneViewState":{"m_AlwaysRefresh":false,"showFog":true,"showSkybox":true,"showFlares":true,"showImageEffects":true,"showParticleSystems":true,"showVisualEffectGraphs":true,"m_FxEnabled":true},"in2DMode":false,"pivot":{"x":-22.31224822998047,"y":10.824662208557129,"z":14.697505950927735},"rotation":{"x":-0.027513980865478517,"y":0.9677872657775879,"z":-0.21790632605552674,"w":-0.12451805919408798},"size":11.095556259155274,"orthographic":true}